Day,Month,Year,Deliveries Fulfilled,Deliveries Available,Delivery Completion Ratio,Deliveries Value,Available Value,Monetary Value Ratio,Moves Remaining
1,1,2022,4,4,1.0,3510,3510,1.0,1215
2,1,2022,4,4,1.0,3305,3305,1.0,1277
3,1,2022,4,4,1.0,3900,3900,1.0,1258
4,1,2022,4,4,1.0,3715,3715,1.0,1249
5,1,2022,4,4,1.0,3320,3320,1.0,1295
6,1,2022,4,4,1.0,3095,3095,1.0,1145
7,1,2022,4,4,1.0,2155,2155,1.0,1250
8,1,2022,4,4,1.0,3035,3035,1.0,1303
9,1,2022,4,4,1.0,2512,2512,1.0,1218
10,1,2022,4,4,1.0,4220,4220,1.0,1315
11,1,2022,4,4,1.0,2720,2720,1.0,1220
12,1,2022,4,4,1.0,3120,3120,1.0,1286
13,1,2022,4,4,1.0,2842,2842,1.0,1206
14,1,2022,4,4,1.0,2375,2375,1.0,1240
15,1,2022,4,4,1.0,2165,2165,1.0,1224
16,1,2022,4,4,1.0,4080,4080,1.0,1248
17,1,2022,4,4,1.0,3275,3275,1.0,1281
18,1,2022,4,4,1.0,2522,2522,1.0,1195
19,1,2022,4,4,1.0,4715,4715,1.0,1192
20,1,2022,4,4,1.0,2720,2720,1.0,1270
21,1,2022,4,4,1.0,2540,2540,1.0,1207
22,1,2022,4,4,1.0,2485,2485,1.0,1241
23,1,2022,4,4,1.0,3360,3360,1.0,1305
24,1,2022,4,4,1.0,3265,3265,1.0,1259
25,1,2022,4,4,1.0,4590,4590,1.0,1335
26,1,2022,4,4,1.0,3900,3900,1.0,1290
27,1,2022,4,4,1.0,2690,2690,1.0,1243
28,1,2022,4,4,1.0,3120,3120,1.0,1178
29,1,2022,4,4,1.0,2640,2640,1.0,1312
30,1,2022,4,4,1.0,3360,3360,1.0,1276
31,1,2022,4,4,1.0,3645,3645,1.0,1304
1,2,2022,5,5,1.0,3780,3780,1.0,1240
2,2,2022,5,5,1.0,4420,4420,1.0,1188
3,2,2022,5,5,1.0,3465,3465,1.0,1168
4,2,2022,5,5,1.0,3830,3830,1.0,1033
5,2,2022,5,5,1.0,4850,4850,1.0,1161
6,2,2022,5,5,1.0,4142,4142,1.0,1241
7,2,2022,5,5,1.0,3225,3225,1.0,1079
8,2,2022,5,5,1.0,4090,4090,1.0,1183
9,2,2022,5,5,1.0,3720,3720,1.0,1144
10,2,2022,5,5,1.0,3690,3690,1.0,1156
11,2,2022,5,5,1.0,4807,4807,1.0,1073
12,2,2022,5,5,1.0,3050,3050,1.0,1245
13,2,2022,5,5,1.0,3765,3765,1.0,1149
14,2,2022,5,5,1.0,5470,5470,1.0,1139
15,2,2022,5,5,1.0,4275,4275,1.0,1147
16,2,2022,5,5,1.0,4665,4665,1.0,1140
17,2,2022,5,5,1.0,4740,4740,1.0,1206
18,2,2022,5,5,1.0,4100,4100,1.0,1212
19,2,2022,5,5,1.0,3450,3450,1.0,1107
20,2,2022,5,5,1.0,4085,4085,1.0,1198
21,2,2022,5,5,1.0,4085,4085,1.0,1126
22,2,2022,5,5,1.0,5310,5310,1.0,1163
23,2,2022,5,5,1.0,5057,5057,1.0,1155
24,2,2022,5,5,1.0,3770,3770,1.0,1148
25,2,2022,5,5,1.0,2532,2532,1.0,1190
26,2,2022,5,5,1.0,3685,3685,1.0,1158
27,2,2022,5,5,1.0,3565,3565,1.0,1064
28,2,2022,5,5,1.0,5340,5340,1.0,1160
1,3,2022,6,6,1.0,4825,4825,1.0,1192
2,3,2022,6,6,1.0,6220,6220,1.0,1024
3,3,2022,6,6,1.0,4230,4230,1.0,1217
4,3,2022,6,6,1.0,5655,5655,1.0,1198
5,3,2022,6,6,1.0,5970,5970,1.0,999
6,3,2022,6,6,1.0,5160,5160,1.0,1046
7,3,2022,6,6,1.0,4900,4900,1.0,1031
8,3,2022,6,6,1.0,5445,5445,1.0,1062
9,3,2022,6,6,1.0,4295,4295,1.0,1022
10,3,2022,6,6,1.0,5390,5390,1.0,1045
11,3,2022,6,6,1.0,5030,5030,1.0,1173
12,3,2022,6,6,1.0,3815,3815,1.0,1072
13,3,2022,6,6,1.0,4185,4185,1.0,1120
14,3,2022,6,6,1.0,4505,4505,1.0,1067
15,3,2022,6,6,1.0,4380,4380,1.0,1166
16,3,2022,6,6,1.0,5137,5137,1.0,1119
17,3,2022,6,6,1.0,4410,4410,1.0,1087
18,3,2022,6,6,1.0,4030,4030,1.0,1002
19,3,2022,6,6,1.0,5245,5245,1.0,996
20,3,2022,6,6,1.0,5330,5330,1.0,1104
21,3,2022,6,6,1.0,5120,5120,1.0,973
22,3,2022,6,6,1.0,5305,5305,1.0,1132
23,3,2022,6,6,1.0,5265,5265,1.0,1108
24,3,2022,6,6,1.0,4597,4597,1.0,1081
25,3,2022,6,6,1.0,3470,3470,1.0,1041
26,3,2022,6,6,1.0,4745,4745,1.0,1202
27,3,2022,6,6,1.0,4595,4595,1.0,1048
28,3,2022,6,6,1.0,4795,4795,1.0,1072
29,3,2022,6,6,1.0,4825,4825,1.0,1082
30,3,2022,6,6,1.0,4750,4750,1.0,1088
31,3,2022,6,6,1.0,5075,5075,1.0,1057
1,4,2022,7,7,1.0,6090,6090,1.0,993
2,4,2022,7,7,1.0,5940,5940,1.0,1158
3,4,2022,7,7,1.0,5875,5875,1.0,1084
4,4,2022,7,7,1.0,4545,4545,1.0,1175
5,4,2022,7,7,1.0,7450,7450,1.0,994
6,4,2022,7,7,1.0,6827,6827,1.0,1015
7,4,2022,7,7,1.0,4457,4457,1.0,1018
8,4,2022,7,7,1.0,5572,5572,1.0,945
9,4,2022,7,7,1.0,6705,6705,1.0,1139
10,4,2022,7,7,1.0,5225,5225,1.0,1125
11,4,2022,7,7,1.0,4470,4470,1.0,1142
12,4,2022,7,7,1.0,6275,6275,1.0,1053
13,4,2022,7,7,1.0,5360,5360,1.0,1150
14,4,2022,7,7,1.0,5560,5560,1.0,1061
15,4,2022,7,7,1.0,6780,6780,1.0,964
16,4,2022,7,7,1.0,4522,4522,1.0,1076
17,4,2022,7,7,1.0,6450,6450,1.0,1086
18,4,2022,7,7,1.0,3925,3925,1.0,996
19,4,2022,7,7,1.0,4465,4465,1.0,1058
20,4,2022,7,7,1.0,4425,4425,1.0,1074
21,4,2022,7,7,1.0,5777,5777,1.0,964
22,4,2022,7,7,1.0,4775,4775,1.0,915
23,4,2022,7,7,1.0,6265,6265,1.0,904
24,4,2022,7,7,1.0,4875,4875,1.0,1044
25,4,2022,7,7,1.0,5575,5575,1.0,932
26,4,2022,7,7,1.0,4455,4455,1.0,992
27,4,2022,7,7,1.0,5920,5920,1.0,1102
28,4,2022,7,7,1.0,5487,5487,1.0,1110
29,4,2022,7,7,1.0,6040,6040,1.0,919
30,4,2022,7,7,1.0,7600,7600,1.0,1144
1,5,2022,8,8,1.0,5675,5675,1.0,859
2,5,2022,8,8,1.0,5445,5445,1.0,1029
3,5,2022,8,8,1.0,6990,6990,1.0,965
4,5,2022,8,8,1.0,5212,5212,1.0,1059
5,5,2022,8,8,1.0,5770,5770,1.0,962
6,5,2022,8,8,1.0,8295,8295,1.0,929
7,5,2022,8,8,1.0,7205,7205,1.0,929
8,5,2022,8,8,1.0,5970,5970,1.0,936
9,5,2022,8,8,1.0,7460,7460,1.0,921
10,5,2022,8,8,1.0,6920,6920,1.0,951
11,5,2022,8,8,1.0,7375,7375,1.0,1000
12,5,2022,8,8,1.0,6955,6955,1.0,956
13,5,2022,8,8,1.0,6535,6535,1.0,935
14,5,2022,8,8,1.0,7955,7955,1.0,1032
15,5,2022,8,8,1.0,6890,6890,1.0,956
16,5,2022,8,8,1.0,7025,7025,1.0,1036
17,5,2022,8,8,1.0,5120,5120,1.0,864
18,5,2022,8,8,1.0,5345,5345,1.0,1043
19,5,2022,8,8,1.0,6625,6625,1.0,968
20,5,2022,8,8,1.0,5510,5510,1.0,993
21,5,2022,8,8,1.0,5495,5495,1.0,1018
22,5,2022,8,8,1.0,7780,7780,1.0,870
23,5,2022,8,8,1.0,5280,5280,1.0,1012
24,5,2022,8,8,1.0,7460,7460,1.0,911
25,5,2022,8,8,1.0,6620,6620,1.0,990
26,5,2022,8,8,1.0,6015,6015,1.0,1014
27,5,2022,8,8,1.0,6570,6570,1.0,971
28,5,2022,8,8,1.0,6285,6285,1.0,1113
29,5,2022,8,8,1.0,6557,6557,1.0,1063
30,5,2022,8,8,1.0,5955,5955,1.0,931
31,5,2022,8,8,1.0,6785,6785,1.0,942
1,6,2022,9,9,1.0,6000,6000,1.0,902
2,6,2022,9,9,1.0,7450,7450,1.0,914
3,6,2022,9,9,1.0,8305,8305,1.0,887
4,6,2022,9,9,1.0,7055,7055,1.0,778
5,6,2022,9,9,1.0,7160,7160,1.0,753
6,6,2022,9,9,1.0,6740,6740,1.0,997
7,6,2022,9,9,1.0,6780,6780,1.0,972
8,6,2022,9,9,1.0,5715,5715,1.0,961
9,6,2022,9,9,1.0,7580,7580,1.0,918
10,6,2022,9,9,1.0,8775,8775,1.0,914
11,6,2022,9,9,1.0,8180,8180,1.0,885
12,6,2022,9,9,1.0,7690,7690,1.0,759
13,6,2022,9,9,1.0,7925,7925,1.0,925
14,6,2022,9,9,1.0,6245,6245,1.0,1023
15,6,2022,9,9,1.0,7720,7720,1.0,924
16,6,2022,9,9,1.0,7725,7725,1.0,1012
17,6,2022,9,9,1.0,7340,7340,1.0,834
18,6,2022,9,9,1.0,7945,7945,1.0,881
19,6,2022,9,9,1.0,6590,6590,1.0,881
20,6,2022,9,9,1.0,7402,7402,1.0,926
21,6,2022,9,9,1.0,5315,5315,1.0,883
22,6,2022,9,9,1.0,7715,7715,1.0,1048
23,6,2022,9,9,1.0,8400,8400,1.0,896
24,6,2022,9,9,1.0,7475,7475,1.0,950
25,6,2022,9,9,1.0,9375,9375,1.0,987
26,6,2022,9,9,1.0,6140,6140,1.0,902
27,6,2022,9,9,1.0,8655,8655,1.0,713
28,6,2022,9,9,1.0,7197,7197,1.0,788
29,6,2022,9,9,1.0,7120,7120,1.0,906
30,6,2022,9,9,1.0,6395,6395,1.0,977
1,7,2022,10,10,1.0,8357,8357,1.0,879
2,7,2022,10,10,1.0,6890,6890,1.0,884
3,7,2022,10,10,1.0,8320,8320,1.0,712
4,7,2022,10,10,1.0,7960,7960,1.0,815
5,7,2022,10,10,1.0,7605,7605,1.0,756
6,7,2022,10,10,1.0,7030,7030,1.0,811
7,7,2022,10,10,1.0,9310,9310,1.0,728
8,7,2022,10,10,1.0,6960,6960,1.0,890
9,7,2022,10,10,1.0,8410,8410,1.0,900
10,7,2022,10,10,1.0,8710,8710,1.0,918
11,7,2022,10,10,1.0,6827,6827,1.0,977
12,7,2022,10,10,1.0,7675,7675,1.0,871
13,7,2022,10,10,1.0,8440,8440,1.0,917
14,7,2022,10,10,1.0,8710,8710,1.0,901
15,7,2022,10,10,1.0,8955,8955,1.0,858
16,7,2022,10,10,1.0,8225,8225,1.0,821
17,7,2022,10,10,1.0,7575,7575,1.0,824
18,7,2022,10,10,1.0,7005,7005,1.0,845
19,7,2022,10,10,1.0,7360,7360,1.0,750
20,7,2022,10,10,1.0,7810,7810,1.0,847
21,7,2022,10,10,1.0,9065,9065,1.0,807
22,7,2022,10,10,1.0,7262,7262,1.0,748
23,7,2022,10,10,1.0,8200,8200,1.0,901
24,7,2022,10,10,1.0,9030,9030,1.0,730
25,7,2022,10,10,1.0,7715,7715,1.0,822
26,7,2022,10,10,1.0,6915,6915,1.0,975
27,7,2022,10,10,1.0,7567,7567,1.0,729
28,7,2022,10,10,1.0,7695,7695,1.0,937
29,7,2022,10,10,1.0,8430,8430,1.0,858
30,7,2022,10,10,1.0,6785,6785,1.0,862
31,7,2022,10,10,1.0,6180,6180,1.0,779
1,8,2022,11,11,1.0,7185,7185,1.0,873
2,8,2022,11,11,1.0,6870,6870,1.0,856
3,8,2022,11,11,1.0,7060,7060,1.0,883
4,8,2022,11,11,1.0,8667,8667,1.0,817
5,8,2022,11,11,1.0,11125,11125,1.0,800
6,8,2022,11,11,1.0,8865,8865,1.0,650
7,8,2022,11,11,1.0,10230,10230,1.0,818
8,8,2022,11,11,1.0,9802,9802,1.0,624
9,8,2022,11,11,1.0,8117,8117,1.0,779
10,8,2022,11,11,1.0,9805,9805,1.0,687
11,8,2022,11,11,1.0,9945,9945,1.0,830
12,8,2022,11,11,1.0,11065,11065,1.0,546
13,8,2022,11,11,1.0,10500,10500,1.0,858
14,8,2022,11,11,1.0,8565,8565,1.0,782
15,8,2022,11,11,1.0,7635,7635,1.0,602
16,8,2022,11,11,1.0,8167,8167,1.0,873
17,8,2022,11,11,1.0,8997,8997,1.0,782
18,8,2022,11,11,1.0,7980,7980,1.0,745
19,8,2022,11,11,1.0,9245,9245,1.0,831
20,8,2022,11,11,1.0,11630,11630,1.0,831
21,8,2022,11,11,1.0,8045,8045,1.0,799
22,8,2022,11,11,1.0,9340,9340,1.0,869
23,8,2022,11,11,1.0,9405,9405,1.0,725
24,8,2022,11,11,1.0,7485,7485,1.0,877
25,8,2022,11,11,1.0,9700,9700,1.0,744
26,8,2022,11,11,1.0,7645,7645,1.0,910
27,8,2022,11,11,1.0,9305,9305,1.0,652
28,8,2022,11,11,1.0,8370,8370,1.0,799
29,8,2022,11,11,1.0,9400,9400,1.0,806
30,8,2022,11,11,1.0,8810,8810,1.0,695
31,8,2022,11,11,1.0,11710,11710,1.0,861
1,9,2022,12,12,1.0,9855,9855,1.0,705
2,9,2022,12,12,1.0,10482,10482,1.0,789
3,9,2022,12,12,1.0,11485,11485,1.0,558
4,9,2022,12,12,1.0,10015,10015,1.0,892
5,9,2022,12,12,1.0,8490,8490,1.0,817
6,9,2022,12,12,1.0,11662,11662,1.0,656
7,9,2022,12,12,1.0,8905,8905,1.0,756
8,9,2022,12,12,1.0,9015,9015,1.0,522
9,9,2022,12,12,1.0,11405,11405,1.0,746
10,9,2022,12,12,1.0,9775,9775,1.0,738
11,9,2022,12,12,1.0,7902,7902,1.0,658
12,9,2022,12,12,1.0,9840,9840,1.0,859
13,9,2022,12,12,1.0,7885,7885,1.0,662
14,9,2022,12,12,1.0,11580,11580,1.0,673
15,9,2022,12,12,1.0,11550,11550,1.0,754
16,9,2022,12,12,1.0,6855,6855,1.0,765
17,9,2022,12,12,1.0,6815,6815,1.0,643
18,9,2022,12,12,1.0,9905,9905,1.0,621
19,9,2022,12,12,1.0,9010,9010,1.0,684
20,9,2022,12,12,1.0,7507,7507,1.0,735
21,9,2022,12,12,1.0,10785,10785,1.0,768
22,9,2022,12,12,1.0,10040,10040,1.0,615
23,9,2022,12,12,1.0,10740,10740,1.0,726
24,9,2022,12,12,1.0,10005,10005,1.0,764
25,9,2022,12,12,1.0,9015,9015,1.0,751
26,9,2022,12,12,1.0,9820,9820,1.0,793
27,9,2022,12,12,1.0,11385,11385,1.0,843
28,9,2022,12,12,1.0,8545,8545,1.0,701
29,9,2022,12,12,1.0,7970,7970,1.0,809
30,9,2022,12,12,1.0,9295,9295,1.0,650
1,10,2022,13,13,1.0,9465,9465,1.0,666
2,10,2022,13,13,1.0,11507,11507,1.0,615
3,10,2022,13,13,1.0,10235,10235,1.0,699
4,10,2022,13,13,1.0,10235,10235,1.0,513
5,10,2022,13,13,1.0,8875,8875,1.0,667
6,10,2022,13,13,1.0,11250,11250,1.0,707
7,10,2022,13,13,1.0,9820,9820,1.0,781
8,10,2022,13,13,1.0,10977,10977,1.0,527
9,10,2022,13,13,1.0,9395,9395,1.0,702
10,10,2022,13,13,1.0,10170,10170,1.0,618
11,10,2022,13,13,1.0,11940,11940,1.0,689
12,10,2022,13,13,1.0,9740,9740,1.0,621
13,10,2022,13,13,1.0,10605,10605,1.0,483
14,10,2022,13,13,1.0,8425,8425,1.0,661
15,10,2022,13,13,1.0,9615,9615,1.0,639
16,10,2022,13,13,1.0,10405,10405,1.0,587
17,10,2022,13,13,1.0,8910,8910,1.0,540
18,10,2022,13,13,1.0,9825,9825,1.0,637
19,10,2022,13,13,1.0,11875,11875,1.0,677
20,10,2022,13,13,1.0,12225,12225,1.0,631
21,10,2022,13,13,1.0,11045,11045,1.0,700
22,10,2022,13,13,1.0,10710,10710,1.0,732
23,10,2022,13,13,1.0,11145,11145,1.0,696
24,10,2022,13,13,1.0,10200,10200,1.0,647
25,10,2022,13,13,1.0,12495,12495,1.0,490
26,10,2022,13,13,1.0,12380,12380,1.0,611
27,10,2022,13,13,1.0,11277,11277,1.0,607
28,10,2022,13,13,1.0,9650,9650,1.0,671
29,10,2022,13,13,1.0,10575,10575,1.0,740
30,10,2022,13,13,1.0,10150,10150,1.0,588
31,10,2022,13,13,1.0,11410,11410,1.0,676
1,11,2022,14,14,1.0,10550,10550,1.0,582
2,11,2022,14,14,1.0,12800,12800,1.0,560
3,11,2022,14,14,1.0,11080,11080,1.0,634
4,11,2022,14,14,1.0,12590,12590,1.0,703
5,11,2022,14,14,1.0,11890,11890,1.0,662
6,11,2022,14,14,1.0,11335,11335,1.0,453
7,11,2022,14,14,1.0,11665,11665,1.0,577
8,11,2022,14,14,1.0,13095,13095,1.0,614
9,11,2022,14,14,1.0,11090,11090,1.0,522
10,11,2022,14,14,1.0,10105,10105,1.0,618
11,11,2022,14,14,1.0,11910,11910,1.0,451
12,11,2022,14,14,1.0,10455,10455,1.0,520
13,11,2022,14,14,1.0,13100,13100,1.0,571
14,11,2022,14,14,1.0,10697,10697,1.0,510
15,11,2022,14,14,1.0,8295,8295,1.0,634
16,11,2022,14,14,1.0,9999,9999,1.0,639
17,11,2022,14,14,1.0,12150,12150,1.0,583
18,11,2022,14,14,1.0,9730,9730,1.0,478
19,11,2022,14,14,1.0,10172,10172,1.0,459
20,11,2022,14,14,1.0,10217,10217,1.0,481
21,11,2022,14,14,1.0,9945,9945,1.0,553
22,11,2022,14,14,1.0,9810,9810,1.0,577
23,11,2022,14,14,1.0,12540,12540,1.0,493
24,11,2022,14,14,1.0,11855,11855,1.0,662
25,11,2022,14,14,1.0,11260,11260,1.0,586
26,11,2022,14,14,1.0,10415,10415,1.0,726
27,11,2022,14,14,1.0,11465,11465,1.0,668
28,11,2022,14,14,1.0,11087,11087,1.0,588
29,11,2022,14,14,1.0,12600,12600,1.0,515
30,11,2022,14,14,1.0,8785,8785,1.0,542
1,12,2022,15,15,1.0,10770,10770,1.0,528
2,12,2022,15,15,1.0,13285,13285,1.0,476
3,12,2022,15,15,1.0,13125,13125,1.0,432
4,12,2022,15,15,1.0,10750,10750,1.0,465
5,12,2022,15,15,1.0,10770,10770,1.0,410
6,12,2022,15,15,1.0,11050,11050,1.0,601
7,12,2022,15,15,1.0,12295,12295,1.0,446
8,12,2022,15,15,1.0,11630,11630,1.0,483
9,12,2022,15,15,1.0,13915,13915,1.0,476
10,12,2022,15,15,1.0,10420,10420,1.0,551
11,12,2022,15,15,1.0,9792,9792,1.0,275
12,12,2022,15,15,1.0,11540,11540,1.0,552
13,12,2022,15,15,1.0,12915,12915,1.0,376
14,12,2022,15,15,1.0,10430,10430,1.0,354
15,12,2022,15,15,1.0,16640,16640,1.0,614
16,12,2022,15,15,1.0,12850,12850,1.0,590
17,12,2022,15,15,1.0,12500,12500,1.0,587
18,12,2022,15,15,1.0,10485,10485,1.0,506
19,12,2022,15,15,1.0,12535,12535,1.0,478
20,12,2022,15,15,1.0,10450,10450,1.0,418
21,12,2022,15,15,1.0,12605,12605,1.0,516
22,12,2022,15,15,1.0,12240,12240,1.0,719
23,12,2022,15,15,1.0,14940,14940,1.0,649
24,12,2022,15,15,1.0,11375,11375,1.0,542
25,12,2022,15,15,1.0,11890,11890,1.0,499
26,12,2022,15,15,1.0,12335,12335,1.0,390
27,12,2022,15,15,1.0,12255,12255,1.0,579
28,12,2022,15,15,1.0,12100,12100,1.0,648
29,12,2022,15,15,1.0,11420,11420,1.0,392
30,12,2022,15,15,1.0,11930,11930,1.0,456
31,12,2022,15,15,1.0,10725,10725,1.0,463
1,1,2023,16,16,1.0,12090,12090,1.0,435
2,1,2023,16,16,1.0,12710,12710,1.0,625
3,1,2023,16,16,1.0,12805,12805,1.0,460
4,1,2023,16,16,1.0,14705,14705,1.0,670
5,1,2023,16,16,1.0,13310,13310,1.0,355
6,1,2023,16,16,1.0,12507,12507,1.0,514
7,1,2023,16,16,1.0,11490,11490,1.0,571
8,1,2023,16,16,1.0,13325,13325,1.0,498
9,1,2023,16,16,1.0,12165,12165,1.0,463
10,1,2023,16,16,1.0,12845,12845,1.0,371
11,1,2023,16,16,1.0,13520,13520,1.0,527
12,1,2023,16,16,1.0,14310,14310,1.0,507
13,1,2023,16,16,1.0,14450,14450,1.0,571
14,1,2023,16,16,1.0,13220,13220,1.0,364
15,1,2023,16,16,1.0,13342,13342,1.0,431
16,1,2023,16,16,1.0,12955,12955,1.0,455
17,1,2023,16,16,1.0,13737,13737,1.0,408
18,1,2023,16,16,1.0,12135,12135,1.0,582
19,1,2023,16,16,1.0,12370,12370,1.0,495
20,1,2023,16,16,1.0,12720,12720,1.0,391
21,1,2023,16,16,1.0,14232,14232,1.0,261
22,1,2023,16,16,1.0,13022,13022,1.0,574
23,1,2023,16,16,1.0,11497,11497,1.0,547
24,1,2023,16,16,1.0,12777,12777,1.0,323
25,1,2023,16,16,1.0,12400,12400,1.0,344
26,1,2023,16,16,1.0,14517,14517,1.0,599
27,1,2023,16,16,1.0,11670,11670,1.0,546
28,1,2023,16,16,1.0,13815,13815,1.0,467
29,1,2023,16,16,1.0,14820,14820,1.0,522
30,1,2023,16,16,1.0,10895,10895,1.0,613
31,1,2023,16,16,1.0,13555,13555,1.0,401
1,2,2023,17,17,1.0,11890,11890,1.0,382
2,2,2023,17,17,1.0,12530,12530,1.0,434
3,2,2023,17,17,1.0,14155,14155,1.0,526
4,2,2023,17,17,1.0,15085,15085,1.0,327
5,2,2023,17,17,1.0,14395,14395,1.0,284
6,2,2023,17,17,1.0,12785,12785,1.0,379
7,2,2023,17,17,1.0,13070,13070,1.0,491
8,2,2023,17,17,1.0,12222,12222,1.0,585
9,2,2023,17,17,1.0,14110,14110,1.0,566
10,2,2023,17,17,1.0,14165,14165,1.0,465
11,2,2023,17,17,1.0,13922,13922,1.0,281
12,2,2023,17,17,1.0,14520,14520,1.0,379
13,2,2023,17,17,1.0,14005,14005,1.0,365
14,2,2023,17,17,1.0,12920,12920,1.0,482
15,2,2023,17,17,1.0,13825,13825,1.0,446
16,2,2023,17,17,1.0,15225,15225,1.0,362
17,2,2023,17,17,1.0,17070,17070,1.0,508
18,2,2023,17,17,1.0,12215,12215,1.0,324
19,2,2023,17,17,1.0,16107,16107,1.0,210
20,2,2023,17,17,1.0,13160,13160,1.0,492
21,2,2023,17,17,1.0,12575,12575,1.0,391
22,2,2023,17,17,1.0,14230,14230,1.0,476
23,2,2023,17,17,1.0,11905,11905,1.0,354
24,2,2023,17,17,1.0,14755,14755,1.0,524
25,2,2023,17,17,1.0,10970,10970,1.0,546
26,2,2023,17,17,1.0,14080,14080,1.0,316
27,2,2023,17,17,1.0,14590,14590,1.0,382
28,2,2023,17,17,1.0,14460,14460,1.0,370
1,3,2023,18,18,1.0,12117,12117,1.0,268
2,3,2023,18,18,1.0,16257,16257,1.0,269
3,3,2023,18,18,1.0,15095,15095,1.0,261
4,3,2023,18,18,1.0,13497,13497,1.0,441
5,3,2023,18,18,1.0,15085,15085,1.0,460
6,3,2023,18,18,1.0,13857,13857,1.0,263
7,3,2023,18,18,1.0,15702,15702,1.0,339
8,3,2023,18,18,1.0,14455,14455,1.0,287
9,3,2023,18,18,1.0,14385,14385,1.0,262
10,3,2023,18,18,1.0,14615,14615,1.0,458
11,3,2023,18,18,1.0,17874,17874,1.0,322
12,3,2023,18,18,1.0,16690,16690,1.0,218
13,3,2023,18,18,1.0,14897,14897,1.0,368
14,3,2023,18,18,1.0,14160,14160,1.0,328
15,3,2023,18,18,1.0,14470,14470,1.0,302
16,3,2023,18,18,1.0,13155,13155,1.0,421
17,3,2023,18,18,1.0,13135,13135,1.0,348
18,3,2023,18,18,1.0,15470,15470,1.0,320
19,3,2023,18,18,1.0,17145,17145,1.0,130
20,3,2023,18,18,1.0,15240,15240,1.0,185
21,3,2023,18,18,1.0,16625,16625,1.0,269
22,3,2023,18,18,1.0,12600,12600,1.0,261
23,3,2023,18,18,1.0,14255,14255,1.0,306
24,3,2023,18,18,1.0,16172,16172,1.0,231
25,3,2023,18,18,1.0,16610,16610,1.0,347
26,3,2023,18,18,1.0,13840,13840,1.0,365
27,3,2023,18,18,1.0,15060,15060,1.0,463
28,3,2023,18,18,1.0,15205,15205,1.0,501
29,3,2023,18,18,1.0,13240,13240,1.0,402
30,3,2023,18,18,1.0,15192,15192,1.0,257
31,3,2023,18,18,1.0,12677,12677,1.0,239
1,4,2023,19,19,1.0,16460,16460,1.0,362
2,4,2023,19,19,1.0,13817,13817,1.0,78
3,4,2023,19,19,1.0,17254,17254,1.0,270
4,4,2023,19,19,1.0,16265,16265,1.0,280
5,4,2023,19,19,1.0,13515,13515,1.0,272
6,4,2023,18,19,0.9473684210526315,16010,16605,0.9641674194519723,39
7,4,2023,19,19,1.0,17630,17630,1.0,456
8,4,2023,19,19,1.0,16765,16765,1.0,280
9,4,2023,19,19,1.0,15997,15997,1.0,362
10,4,2023,19,19,1.0,17075,17075,1.0,432
11,4,2023,19,19,1.0,14420,14420,1.0,278
12,4,2023,19,19,1.0,13000,13000,1.0,320
13,4,2023,19,19,1.0,14695,14695,1.0,105
14,4,2023,19,19,1.0,17570,17570,1.0,389
15,4,2023,19,19,1.0,18255,18255,1.0,314
16,4,2023,19,19,1.0,16442,16442,1.0,368
17,4,2023,19,19,1.0,15455,15455,1.0,269
18,4,2023,19,19,1.0,15760,15760,1.0,180
19,4,2023,19,19,1.0,15482,15482,1.0,246
20,4,2023,19,19,1.0,15675,15675,1.0,294
21,4,2023,19,19,1.0,14345,14345,1.0,465
22,4,2023,19,19,1.0,13235,13235,1.0,395
23,4,2023,19,19,1.0,15345,15345,1.0,290
24,4,2023,19,19,1.0,15954,15954,1.0,300
25,4,2023,19,19,1.0,15715,15715,1.0,359
26,4,2023,19,19,1.0,15160,15160,1.0,271
27,4,2023,19,19,1.0,16175,16175,1.0,88
28,4,2023,19,19,1.0,16575,16575,1.0,315
29,4,2023,19,19,1.0,14010,14010,1.0,220
30,4,2023,19,19,1.0,17237,17237,1.0,402
1,5,2023,20,20,1.0,14565,14565,1.0,281
2,5,2023,20,20,1.0,18085,18085,1.0,216
3,5,2023,20,20,1.0,15310,15310,1.0,116
4,5,2023,20,20,1.0,17165,17165,1.0,101
5,5,2023,20,20,1.0,17232,17232,1.0,104
6,5,2023,20,20,1.0,15890,15890,1.0,175
7,5,2023,20,20,1.0,16835,16835,1.0,75
8,5,2023,20,20,1.0,16350,16350,1.0,296
9,5,2023,20,20,1.0,14842,14842,1.0,211
10,5,2023,20,20,1.0,15460,15460,1.0,217
11,5,2023,20,20,1.0,17432,17432,1.0,191
12,5,2023,20,20,1.0,16007,16007,1.0,159
13,5,2023,20,20,1.0,17180,17180,1.0,194
14,5,2023,20,20,1.0,13475,13475,1.0,97
15,5,2023,20,20,1.0,14875,14875,1.0,269
16,5,2023,20,20,1.0,15650,15650,1.0,256
17,5,2023,20,20,1.0,14887,14887,1.0,157
18,5,2023,20,20,1.0,19400,19400,1.0,278
19,5,2023,20,20,1.0,16412,16412,1.0,180
20,5,2023,20,20,1.0,16562,16562,1.0,172
21,5,2023,20,20,1.0,16339,16339,1.0,219
22,5,2023,20,20,1.0,14810,14810,1.0,264
23,5,2023,20,20,1.0,17980,17980,1.0,72
24,5,2023,20,20,1.0,16580,16580,1.0,209
25,5,2023,20,20,1.0,16250,16250,1.0,263
26,5,2023,20,20,1.0,14655,14655,1.0,200
27,5,2023,20,20,1.0,18005,18005,1.0,213
28,5,2023,20,20,1.0,13950,13950,1.0,129
29,5,2023,20,20,1.0,19024,19024,1.0,222
30,5,2023,20,20,1.0,15479,15479,1.0,212
31,5,2023,20,20,1.0,15442,15442,1.0,193
1,6,2023,20,21,0.9523809523809523,16455,16735,0.9832685987451449,18
2,6,2023,20,21,0.9523809523809523,17210,17345,0.9922167771692131,19
3,6,2023,21,21,1.0,15450,15450,1.0,63
4,6,2023,21,21,1.0,17557,17557,1.0,177
5,6,2023,21,21,1.0,18350,18350,1.0,185
6,6,2023,21,21,1.0,14125,14125,1.0,265
7,6,2023,19,21,0.9047619047619048,17452,17837,0.9784156528564221,38
8,6,2023,21,21,1.0,13890,13890,1.0,173
9,6,2023,20,21,0.9523809523809523,18185,18695,0.9727199786039048,34
10,6,2023,19,21,0.9047619047619048,16995,17495,0.9714204058302373,20
11,6,2023,21,21,1.0,19785,19785,1.0,95
12,6,2023,21,21,1.0,16485,16485,1.0,203
13,6,2023,20,21,0.9523809523809523,16192,16492,0.9818093621149648,35
14,6,2023,21,21,1.0,18079,18079,1.0,145
15,6,2023,21,21,1.0,16802,16802,1.0,162
16,6,2023,21,21,1.0,16377,16377,1.0,348
17,6,2023,21,21,1.0,18740,18740,1.0,175
18,6,2023,21,21,1.0,16030,16030,1.0,112
19,6,2023,19,21,0.9047619047619048,14792,15497,0.9545073239981932,39
20,6,2023,21,21,1.0,17045,17045,1.0,86
21,6,2023,18,21,0.8571428571428571,14535,15630,0.9299424184261037,38
22,6,2023,21,21,1.0,16775,16775,1.0,265
23,6,2023,21,21,1.0,19690,19690,1.0,319
24,6,2023,21,21,1.0,15050,15050,1.0,357
25,6,2023,21,21,1.0,16355,16355,1.0,94
26,6,2023,21,21,1.0,15755,15755,1.0,184
27,6,2023,21,21,1.0,17140,17140,1.0,320
28,6,2023,21,21,1.0,14660,14660,1.0,169
29,6,2023,21,21,1.0,15760,15760,1.0,121
30,6,2023,21,21,1.0,15935,15935,1.0,53
1,7,2023,22,22,1.0,16745,16745,1.0,225
2,7,2023,19,22,0.8636363636363636,14735,15205,0.9690891154225584,34
3,7,2023,22,22,1.0,20035,20035,1.0,144
4,7,2023,22,22,1.0,18282,18282,1.0,68
5,7,2023,21,22,0.9545454545454546,20845,21150,0.9855791962174941,33
6,7,2023,20,22,0.9090909090909091,15510,16110,0.962756052141527,0
7,7,2023,22,22,1.0,16580,16580,1.0,347
8,7,2023,22,22,1.0,16660,16660,1.0,136
9,7,2023,20,22,0.9090909090909091,18715,19275,0.97094682230869,19
10,7,2023,22,22,1.0,17785,17785,1.0,130
11,7,2023,22,22,1.0,16950,16950,1.0,228
12,7,2023,22,22,1.0,19290,19290,1.0,153
13,7,2023,20,22,0.9090909090909091,18167,19047,0.9537984984511997,38
14,7,2023,20,22,0.9090909090909091,14925,15730,0.948823903369358,38
15,7,2023,22,22,1.0,18375,18375,1.0,53
16,7,2023,21,22,0.9545454545454546,18320,18625,0.9836241610738256,13
17,7,2023,22,22,1.0,16295,16295,1.0,120
18,7,2023,22,22,1.0,14695,14695,1.0,168
19,7,2023,22,22,1.0,20110,20110,1.0,217
20,7,2023,19,22,0.8636363636363636,15550,16510,0.9418534221683827,37
21,7,2023,22,22,1.0,17360,17360,1.0,225
22,7,2023,20,22,0.9090909090909091,17725,18195,0.9741687276724375,38
23,7,2023,20,22,0.9090909090909091,17780,18452,0.9635811836115327,39
24,7,2023,21,22,0.9545454545454546,16370,16530,0.9903206291591047,39
25,7,2023,22,22,1.0,15975,15975,1.0,99
26,7,2023,22,22,1.0,17115,17115,1.0,185
27,7,2023,22,22,1.0,16415,16415,1.0,51
28,7,2023,21,22,0.9545454545454546,17132,17477,0.9802597699834068,14
29,7,2023,20,22,0.9090909090909091,15884,16459,0.9650647062397473,18
30,7,2023,22,22,1.0,19140,19140,1.0,167
31,7,2023,21,22,0.9545454545454546,16730,16945,0.9873118914133963,39
1,8,2023,22,23,0.9565217391304348,15460,15680,0.985969387755102,0
2,8,2023,23,23,1.0,17675,17675,1.0,113
3,8,2023,22,23,0.9565217391304348,18177,18462,0.9845628859278518,12
4,8,2023,23,23,1.0,20985,20985,1.0,122
5,8,2023,21,23,0.9130434782608695,16992,17547,0.9683706616515644,36
6,8,2023,23,23,1.0,19447,19447,1.0,94
7,8,2023,22,23,0.9565217391304348,17192,17542,0.9800478850758181,17
8,8,2023,21,23,0.9130434782608695,16935,17870,0.9476776720761052,12
9,8,2023,23,23,1.0,18330,18330,1.0,179
10,8,2023,20,23,0.8695652173913043,16937,18702,0.9056250668377713,39
11,8,2023,20,23,0.8695652173913043,18040,18725,0.9634178905206943,13
12,8,2023,22,23,0.9565217391304348,16357,16607,0.9849461070632866,31
13,8,2023,23,23,1.0,17169,17169,1.0,71
14,8,2023,21,23,0.9130434782608695,16545,17035,0.9712356912239507,18
15,8,2023,21,23,0.9130434782608695,18950,19815,0.9563462023719405,19
16,8,2023,23,23,1.0,17535,17535,1.0,60
17,8,2023,22,23,0.9565217391304348,20187,20387,0.9901898268504439,11
18,8,2023,23,23,1.0,16382,16382,1.0,125
19,8,2023,23,23,1.0,21015,21015,1.0,90
20,8,2023,22,23,0.9565217391304348,17094,17264,0.9901529193697869,38
21,8,2023,23,23,1.0,18290,18290,1.0,93
22,8,2023,23,23,1.0,20260,20260,1.0,76
23,8,2023,23,23,1.0,16042,16042,1.0,87
24,8,2023,22,23,0.9565217391304348,18060,18595,0.9712288249529444,29
25,8,2023,21,23,0.9130434782608695,17252,18012,0.9578059071729957,18
26,8,2023,23,23,1.0,19955,19955,1.0,154
27,8,2023,22,23,0.9565217391304348,19307,19442,0.9930562699310771,39
28,8,2023,20,23,0.8695652173913043,17095,18135,0.942652329749104,30
29,8,2023,20,23,0.8695652173913043,18725,20285,0.9230958836578753,39
30,8,2023,23,23,1.0,15427,15427,1.0,245
31,8,2023,21,23,0.9130434782608695,16705,17645,0.9467271181637857,20
1,9,2023,22,24,0.9166666666666666,19275,20130,0.9575260804769001,38
2,9,2023,21,24,0.875,17680,19102,0.9255575332425924,15
3,9,2023,23,24,0.9583333333333334,19435,19790,0.9820616472966145,0
4,9,2023,24,24,1.0,19850,19850,1.0,149
5,9,2023,24,24,1.0,20595,20595,1.0,187
6,9,2023,20,24,0.8333333333333334,17690,19250,0.918961038961039,38
7,9,2023,20,24,0.8333333333333334,19840,22310,0.889287315105334,18
8,9,2023,23,24,0.9583333333333334,19320,19445,0.9935716122396503,0
9,9,2023,22,24,0.9166666666666666,20262,20967,0.9663757332951781,39
10,9,2023,22,24,0.9166666666666666,21225,21760,0.9754136029411765,39
11,9,2023,24,24,1.0,17500,17500,1.0,68
12,9,2023,21,24,0.875,17455,18470,0.9450460205739036,24
13,9,2023,21,24,0.875,17265,18765,0.9200639488409272,39
14,9,2023,21,24,0.875,18910,20200,0.9361386138613862,39
15,9,2023,22,24,0.9166666666666666,15760,16115,0.9779708346261248,35
16,9,2023,21,24,0.875,17065,17885,0.9541515236231479,38
17,9,2023,21,24,0.875,20270,21295,0.9518666353604133,11
18,9,2023,21,24,0.875,19195,20300,0.9455665024630542,39
19,9,2023,21,24,0.875,17617,19072,0.9237101510067114,38
20,9,2023,20,24,0.8333333333333334,17330,19270,0.8993253762324858,19
21,9,2023,22,24,0.9166666666666666,19590,20855,0.9393430831934788,39
22,9,2023,20,24,0.8333333333333334,17230,19330,0.8913605794102432,39
23,9,2023,20,24,0.8333333333333334,15320,17040,0.8990610328638498,38
24,9,2023,23,24,0.9583333333333334,18335,18550,0.9884097035040431,15
25,9,2023,21,24,0.875,17590,18562,0.9476349531300506,38
26,9,2023,22,24,0.9166666666666666,21295,21850,0.9745995423340961,38
27,9,2023,24,24,1.0,21525,21525,1.0,83
28,9,2023,24,24,1.0,17350,17350,1.0,41
29,9,2023,23,24,0.9583333333333334,20110,20390,0.9862677783227072,39
30,9,2023,22,24,0.9166666666666666,17372,17937,0.9685008641355857,17
1,10,2023,21,25,0.84,18140,19555,0.9276399897724367,20
2,10,2023,23,25,0.92,22607,23122,0.9777268402387337,39
3,10,2023,22,25,0.88,20685,21630,0.9563106796116505,38
4,10,2023,24,25,0.96,21154,21409,0.9880891213975431,27
5,10,2023,24,25,0.96,19910,20450,0.9735941320293399,38
6,10,2023,21,25,0.84,16132,17752,0.9087426768814781,13
7,10,2023,21,25,0.84,18292,20137,0.9083776133485624,0
8,10,2023,24,25,0.96,18440,18720,0.9850427350427351,16
9,10,2023,22,25,0.88,18340,19505,0.940271725198667,12
10,10,2023,20,25,0.8,20115,23025,0.8736156351791531,0
11,10,2023,21,25,0.84,20390,22010,0.9263970922308041,39
12,10,2023,21,25,0.84,19100,21235,0.899458441252649,39
13,10,2023,23,25,0.92,17135,17600,0.9735795454545455,0
14,10,2023,23,25,0.92,20195,21077,0.9581534373962138,39
15,10,2023,22,25,0.88,21865,23110,0.946127217654695,39
16,10,2023,22,25,0.88,17265,18820,0.917375132837407,39
17,10,2023,20,25,0.8,15355,17185,0.8935117835321501,32
18,10,2023,22,25,0.88,21435,22670,0.9455227172474636,20
19,10,2023,24,25,0.96,18885,19445,0.9712008228336333,39
20,10,2023,23,25,0.92,18495,19470,0.9499229583975347,38
21,10,2023,25,25,1.0,21045,21045,1.0,46
22,10,2023,25,25,1.0,20032,20032,1.0,68
23,10,2023,23,25,0.92,17190,17950,0.9576601671309192,24
24,10,2023,20,25,0.8,16645,19140,0.869644723092999,38
25,10,2023,23,25,0.92,16825,17995,0.9349819394276188,14
26,10,2023,22,25,0.88,20130,20920,0.9622370936902486,38
27,10,2023,23,25,0.92,20250,20980,0.9652049571020019,17
28,10,2023,23,25,0.92,20850,21692,0.9611838465793842,38
29,10,2023,22,25,0.88,16545,17280,0.9574652777777778,39
30,10,2023,24,25,0.96,17890,18490,0.9675500270416442,27
31,10,2023,22,25,0.88,18845,20515,0.9185961491591519,19
1,11,2023,22,26,0.8461538461538461,16705,18865,0.8855022528491916,25
2,11,2023,22,26,0.8461538461538461,18615,20415,0.9118295371050698,38
3,11,2023,24,26,0.9230769230769231,18105,18950,0.9554089709762533,39
4,11,2023,23,26,0.8846153846153846,18820,19765,0.9521882114849481,37
5,11,2023,22,26,0.8461538461538461,18062,20287,0.8903238527135604,0
6,11,2023,23,26,0.8846153846153846,18785,19575,0.9596424010217114,39
7,11,2023,24,26,0.9230769230769231,22280,22915,0.9722888937377264,39
8,11,2023,22,26,0.8461538461538461,18595,20655,0.9002662793512467,20
9,11,2023,24,26,0.9230769230769231,21690,21985,0.9865817602911076,38
10,11,2023,23,26,0.8846153846153846,20700,22575,0.9169435215946844,18
11,11,2023,21,26,0.8076923076923077,18620,20275,0.9183723797780518,38
12,11,2023,23,26,0.8846153846153846,19280,20510,0.9400292540224281,25
13,11,2023,22,26,0.8461538461538461,19127,20977,0.9118081708537923,12
14,11,2023,22,26,0.8461538461538461,21035,22490,0.9353045798132503,38
15,11,2023,24,26,0.9230769230769231,22920,23800,0.9630252100840336,38
16,11,2023,23,26,0.8846153846153846,17785,18625,0.9548993288590604,0
17,11,2023,25,26,0.9615384615384616,22560,22855,0.9870925399256181,39
18,11,2023,24,26,0.9230769230769231,19985,20400,0.979656862745098,39
19,11,2023,22,26,0.8461538461538461,17565,19210,0.9143675169182718,0
20,11,2023,23,26,0.8846153846153846,18072,19342,0.9343397787198842,18
21,11,2023,25,26,0.9615384615384616,20130,20625,0.976,39
22,11,2023,22,26,0.8461538461538461,19495,20762,0.9389750505731626,39
23,11,2023,24,26,0.9230769230769231,17595,18415,0.9554710833559598,18
24,11,2023,22,26,0.8461538461538461,18575,20050,0.92643391521197,39
25,11,2023,25,26,0.9615384615384616,20837,21117,0.9867405407965146,39
26,11,2023,22,26,0.8461538461538461,17537,18807,0.932471951932791,39
27,11,2023,22,26,0.8461538461538461,21582,22742,0.9489930525019787,31
28,11,2023,24,26,0.9230769230769231,19215,20365,0.9435305671495212,0
29,11,2023,25,26,0.9615384615384616,19220,19610,0.9801121876593575,31
30,11,2023,24,26,0.9230769230769231,22235,22505,0.9880026660742057,39
1,12,2023,27,27,1.0,24370,24370,1.0,39
2,12,2023,24,27,0.8888888888888888,20325,21485,0.9460088433791017,0
3,12,2023,24,27,0.8888888888888888,19735,20995,0.9399857108835437,39
4,12,2023,22,27,0.8148148148148148,19350,22245,0.8698583951449764,18
5,12,2023,26,27,0.9629629629629629,22165,22725,0.9753575357535753,39
6,12,2023,24,27,0.8888888888888888,17457,18382,0.9496790338374497,39
7,12,2023,22,27,0.8148148148148148,18925,20495,0.9233959502317638,19
8,12,2023,22,27,0.8148148148148148,16845,18185,0.9263128952433324,0
9,12,2023,23,27,0.8518518518518519,18900,20265,0.9326424870466321,39
10,12,2023,20,27,0.7407407407407407,16330,20070,0.8136522172396612,37
11,12,2023,24,27,0.8888888888888888,19300,20425,0.944920440636475,37
12,12,2023,23,27,0.8518518518518519,21227,23229,0.9138146282663911,39
13,12,2023,22,27,0.8148148148148148,19625,21975,0.8930602957906713,14
14,12,2023,23,27,0.8518518518518519,19210,20835,0.9220062395008399,18
15,12,2023,24,27,0.8888888888888888,19905,21315,0.9338494018296974,30
16,12,2023,24,27,0.8888888888888888,17752,18717,0.9484425922957739,20
17,12,2023,23,27,0.8518518518518519,23310,25260,0.9228028503562945,39
18,12,2023,24,27,0.8888888888888888,21170,23010,0.9200347674923947,38
19,12,2023,25,27,0.9259259259259259,20090,21040,0.9548479087452472,39
20,12,2023,21,27,0.7777777777777778,18330,21432,0.8552631578947368,20
21,12,2023,24,27,0.8888888888888888,21264,22779,0.9334913736336099,38
22,12,2023,24,27,0.8888888888888888,20150,21455,0.9391750174784432,31
23,12,2023,24,27,0.8888888888888888,23535,24520,0.9598287112561175,39
24,12,2023,24,27,0.8888888888888888,19757,20442,0.9664905586537521,39
25,12,2023,23,27,0.8518518518518519,16775,18265,0.9184232137968793,36
26,12,2023,23,27,0.8518518518518519,17615,19500,0.9033333333333333,38
27,12,2023,22,27,0.8148148148148148,18610,21385,0.8702361468318915,39
28,12,2023,25,27,0.9259259259259259,21895,22265,0.9833819896698854,39
29,12,2023,25,27,0.9259259259259259,18865,19835,0.9510965465086968,26
30,12,2023,22,27,0.8148148148148148,18435,19710,0.9353120243531202,17
31,12,2023,23,27,0.8518518518518519,22850,23770,0.9612957509465713,0
